{"locations": {"test_2": [[12.007479057679872, 7.74551888119734]], "test_7": [[11.370886435507105, 5.893912948566833]], "test_5": [[8.455178584966204, 16.45336497606124]], "test_1": [[10.522759994891343, 16.105752462414966], [9.59682906716611, 6.918065900967855], [7.330985206276442, 7.39428549788771]], "test_3": [[14.220773198165164, 9.722405090362402]], "test_0": [[11.683965418116832, 6.068788724672775]], "test_4": [[11.173958677005478, 6.739988924232072]], "test_9": [[8.026911735683587, 7.631072669651828]], "test_8": [[7.228261739625023, 6.2474505345595315], [7.710221803528404, 4.95763071840253]], "test_6": [[10.052455662677037, 17.038892453975095]]}, "world": "artificialFloorSmallSize.world"}