{
	"locations": {
		"test_4": [
			[
				3.092668997151172,
				4.703186112767986
			]
		],
		"test_8": [
			[
				22.057037561988103,
				5.793241629776704
			]
		],
		"test_3": [
			[
				19.184418510905314,
				13.90779899385882
			]
		],
		"test_7": [
			[
				23.812723835643908,
				19.468574588603687
			]
		],
		"test_2": [
			[
				22.790544611229112,
				19.892725896371502
			]
		],
		"test_6": [
			[
				19.315917368637102,
				12.90760985280642
			],
			[
				25.771253479413815,
				22.302563306498076
			],
			[
				2.3718078993577323,
				5.623286023682859
			]
		],
		"test_9": [
			[
				24.565572630878915,
				15.642455646692136
			]
		],
		"test_1": [
			[
				24.134745932999508,
				13.431923979244006
			]
		],
		"test_0": [
			[
				19.485420760317975,
				10.709086394302227
			]
		],
		"test_5": [
			[
				23.46056724615082,
				16.22716971562316
			],
			[
				24.601552190540485,
				20.659893767901167
			]
		]
	},
	"world": "mazeSmallSize.world"
}