{"world": "twoRoomsCropped.world", "locations": {"test_8": [[2.5422201847694947, 3.903819921232978], [3.6442898246022972, 10.040492232578503], [3.6734600543591127, 3.8267906831749934]], "test_7": [[3.496441346999934, 10.785390735812703], [3.644292836552705, 10.659247923523278], [2.1588190228062016, 3.934930068731911], [3.588541735008333, 10.526549494635464], [3.55295335521811, 10.637972679776755], [3.5449051984083453, 9.868179690873415]], "test_5": [[3.5384811204519804, 10.5238680135133]], "test_1": [[3.267680642992614, 3.872627797465683], [3.641423114500874, 10.166260346457737], [3.373947754954601, 3.8258526453200234], [2.595844923476698, 3.8085867961646698], [3.5712841859387447, 9.95443548004287]], "test_2": [[3.437022230021123, 3.961577018201334], [3.543268958284057, 10.958350235015493], [3.5534557152310895, 9.352518558718405], [3.530485198717124, 10.61225953187058], [3.597275442388705, 10.077024386196388], [3.1193221134063713, 3.872266305725384]], "test_6": [[2.1416463160309696, 3.9820597655814565], [3.477454815166301, 9.90289549465124], [3.542224622266973, 9.766577466578797], [2.022143763628828, 4.4239756110545]], "test_9": [[2.2258933493887647, 3.8165790605213736], [2.0072114114852804, 4.319584650609561]], "test_0": [[3.699109234117395, 3.9727951725831074], [3.505564587268674, 9.660118268416376], [3.5651283103112883, 10.451677648476425], [2.1957765513565395, 4.345918069127822], [3.046704402378754, 3.874688421884797]], "test_4": [[3.6434250026391317, 9.275051150840811], [3.6280856865394386, 11.003682853981566], [3.600159975384984, 9.287359800089309], [3.5010943771358183, 9.36594192874591]], "test_3": [[3.516565979518701, 3.837462810888216], [2.138982312452434, 4.241699816452654], [3.647467358850516, 9.932384035679618], [2.9620965296010735, 3.938505607777267]]}}