{
	"world": "shoreline.world",
	"locations": {
		"test_4": [
			[
				16.280813173882002,
				11.672267658745312
			],
			[
				4.163924327623835,
				14.75492649267051
			],
			[
				11.124575738119539,
				11.089286704822973
			]
		],
		"test_9": [
			[
				12.942223608187442,
				8.528259008754047
			]
		],
		"test_3": [
			[
				4.141643254526601,
				11.083507450465287
			],
			[
				16.144789403703857,
				17.172153142221955
			],
			[
				29.25866459611118,
				3.4386864206296144
			]
		],
		"test_2": [
			[
				26.804192039468212,
				12.34441750613001
			],
			[
				26.63992510324612,
				2.602278000695045
			]
		],
		"test_7": [
			[
				5.080826601961877,
				12.256053675351987
			]
		],
		"test_5": [
			[
				2.6227723105371124,
				7.568950228222977
			],
			[
				26.494585880451105,
				15.94556279042126
			],
			[
				26.197952599303772,
				11.494814893427279
			]
		],
		"test_6": [
			[
				4.846547183546261,
				17.120911353251152
			],
			[
				14.50110205769461,
				11.242272054833554
			],
			[
				2.871921009501186,
				5.19698741465217
			]
		],
		"test_1": [
			[
				4.248302109154398,
				12.65050173407291
			]
		],
		"test_8": [
			[
				15.451351927498434,
				9.305852712527876
			],
			[
				12.270067008917788,
				11.188160862901787
			]
		],
		"test_0": [
			[
				20.3854599894663937,
				9.938096056762827
			]
		]
	}
}