{"locations": {"test_1": [[14.178956104297775, 8.53168514446234], [10.093476937063613, 14.323351045088826]], "test_0": [[9.811865327373141, 5.196848494525396]]}, "world": "artificialFloorMidSize.world"}