{
	"locations": {
		"test_4": [
			[
				3.092668997151172,
				4.703186112767986
			]
		],
		"test_8": [
			[
				22.057037561988103,
				5.793241629776704
			]
		],
		"test_3": [
			[
				13.184418510905314,
				1.50779899385882
			]
		],
		"test_7": [
			[
				11.012723835643908,
				17.468574588603687
			]
		],
		"test_2": [
			[
				26.790544611229112,
				3.892725896371502
			]
		],
		"test_6": [
			[
				19.315917368637102,
				4.90760985280642
			],
			[
				2.3718078993577323,
				5.623286023682859
			]
		],
		"test_9": [
			[
				24.565572630878915,
				1.642455646692136
			]
		],
		"test_1": [
			[
				4.134745932999508,
				16.431923979244006
			]
		],
		"test_0": [
			[
				26.601552190540485,
				8.659893767901167
			]
		],
		"test_5": [
			[
				19.485420760317975,
				7.709086394302227
			]
		]
	},
	"world": "mazeSmallSize.world"
}
