{
	"world": "mazeSmallSizePopulated.world",
	"locations": {
		"test_3": [
			[
				2.936071271835286,
				5.473969300153084
			]
		],
		"test_6": [
			[
				16.147531770098613,
				22.530421090928765
			]
		],
		"test_8": [
			[
				19.241044213995774,
				5.907173731432745
			]
		],
		"test_1": [
			[
				10.734883047963145,
				16.018367964101223
			]
		],
		"test_5": [
			[
				23.915628591063157,
				13.179819391621832
			],
			[
				21.16516771067424,
				12.589908809343834
			],
			[
				2.5139375578717407,
				5.142554298555395
			],
			[
				6.532473787030016,
				15.82640029739708
			]
		],
		"test_2": [
			[
				10.544520310242502,
				4.969157990820697
			]
		],
		"test_9": [
			[
				5.298719791109501,
				16.24997387086227
			],
			[
				25.61666621678648,
				13.880764086441074
			]
		],
		"test_0": [
			[
				3.4501010591406645,
				3.914130187214882
			],
			[
				2.332897871068974,
				6.209470145155585
			]
		],
		"test_4": [
			[
				5.130633845595256,
				16.082043946997352
			]
		],
		"test_7": [
			[
				24.36576570275054,
				14.256331722791693
			]
		]
	}
}