{"locations": {"test_6": [[24.60719106973144, 10.682174971344077], [10.519179557779388, 7.230263963232807]], "test_1": [[20.795448099903595, 5.237638641281526]], "test_9": [[22.78312762557394, 21.480480018019595]], "test_0": [[24.206848785164063, 11.331619375105312]], "test_4": [[8.747849095279603, 16.010355273959558], [25.860873186101607, 14.808492105922657], [14.751722600695365, 20.443984799571336], [23.473878226713598, 13.926924445337155], [18.91117903431196, 10.867176384115037]], "test_3": [[23.659652731460753, 13.346677874983424]], "test_2": [[22.81128660646325, 22.33215030961462], [25.673471758648414, 14.742193936317731]], "test_5": [[23.939099377570134, 12.19419486892688]], "test_7": [[21.738783563214884, 4.857623795909641], [24.567060600401255, 22.118709969137136]], "test_8": [[2.746128164860573, 5.34390702979114]]}, "world": "mazeSmallSizePopulated.world"}