{"locations": {"test_7": [[3.896772463071286, 6.063893350384444]], "test_1": [[3.937747912180858, 3.9701058745126963]], "test_3": [[3.6427077486000194, 4.395015001833079]], "test_4": [[3.8042742386056245, 6.371861828702313]], "test_6": [[3.357835080439554, 6.369869587999903]], "test_8": [[3.864272752426245, 7.424247995319646]], "test_9": [[3.187089162423313, 3.7844760843556466]], "test_2": [[2.400139408948849, 2.1698264336867283], [2.7532983753085496, 3.07919219316065]], "test_0": [[2.3506377071735955, 3.63245718984816], [3.4902644467433652, 2.993344642650811]], "test_5": [[3.026741729177817, 4.961951000678829]]}, "world": "emptyRectangleTheSmallestResolution.world"}