{"locations": {"test_4": [[4.524707791991235, 8.305524495062913], [3.000704355456489, 16.245793638209825], [8.042760002232994, 3.9327589670059653]], "test_2": [[2.7488937697691673, 1.9455670962472915]], "test_8": [[4.835994689783123, 4.40174143789798], [8.744645897245764, 7.380562844034378], [10.302571874044903, 5.043891783942706]], "test_0": [[3.0575609783301347, 5.418157014512643]], "test_7": [[6.043236999412342, 7.52202693279628]], "test_3": [[6.5665030177571335, 16.402497216085386], [7.63948886474506, 13.45577152642759]], "test_6": [[2.763471130718261, 8.83706207241993], [7.136235208112555, 16.076005790152195], [5.402082544333485, 4.65696094512123]], "test_1": [], "test_9": [[5.6026791378796545, 8.107802662084774], [3.7371552553314205, 12.29020352776359]], "test_5": [[2.3243998380699527, 12.623856554175566], [7.82407711051521, 1.5831177646154628]]}, "world": "emptyRectangleSmallResolution.world"}